FL,n,t,m,tsign_setup,oprf,tsign,verifier
18.024533987045288,50,33,0,0.10602235794067383,0.016453981399536133,0.1390209197998047,0.21491265296936035
21.03183603286743,100,66,0,0.582984209060669,0.040349483489990234,0.4284029006958008,0.16370105743408203
21.04067039489746,150,100,0,1.0273535251617432,0.0016222000122070312,1.3531475067138672,0.1849212646484375
